Feature,Category,Status,Performance Impact,Dependencies,Description
Multi-Chain Scanning,Detection,Production,300+ scans per minute,"Multi-Chain RPC, WebSocket Streaming",Simultaneous scanning of 15+ blockchain networks
Multi-DEX Price Discovery,Detection,Production,0.8s average price validation,"DEX Pricer, Uniswap Integration, Curve Integration",Parallel price queries across 40+ DEX routers
Opportunity Graph Analysis,Detection,Production,Advanced routing in 0.15s,OmniBrain,Graph-based arbitrage path finding using rustworkx
Advanced Profit Calculation,Analysis,Production,95%+ accuracy,ProfitEngine,Comprehensive profit equation with all fees
Liquidity Validation,Analysis,Production,Reduces failures by 40%,Simulation Engine,Real-time TVL checking to prevent failed trades
Transaction Simulation,Analysis,Production,85% simulation success rate,OmniSDKEngine,Pre-execution validation using eth_call
Gas Price Prediction,Analysis,Production,20-30% gas savings,MarketForecaster,ML-based gas trend forecasting
RL-Based Parameter Optimization,Optimization,Production,15% profit improvement,QLearningAgent,Q-Learning for slippage and gas optimization
Dynamic Loan Sizing,Optimization,Production,Maximizes profit per trade,"OmniBrain, QLearningAgent",AI-powered optimal flash loan amount calculation
Adaptive Slippage,Optimization,Production,Reduces failed trades,GasManager,Market condition-based slippage adjustment
Flash Loan Execution,Execution,Production,No capital requirements,"Balancer V3 Flash Loans, Aave V3 Flash Loans",Zero-capital arbitrage via Balancer V3 and Aave V3
Multi-Protocol Routing,Execution,Production,Best price execution,OmniArbExecutor,Universal swap router supporting 40+ DEXs
Cross-Chain Bridging,Execution,Production,$50-500 per cross-chain trade,"Li.Fi Bridge Aggregator, BridgeManager",Automated bridge routing via Li.Fi aggregation
EIP-1559 Gas Management,Execution,Production,Optimal gas pricing,GasManager,Dynamic base fee + priority fee optimization
MEV Protection,Execution,Optional,Prevents frontrunning,BloxRouteManager,Private mempool via BloxRoute
Pre-Execution Validation,Safety,Production,Prevents 95% of failures,OmniSDKEngine,Multi-layer validation before execution
Slippage Protection,Safety,Production,Protects from price impact,OmniArbExecutor,Dynamic slippage tolerance
Gas Limit Buffers,Safety,Production,1.2x gas buffer,GasManager,Safety multipliers prevent out-of-gas
Real-Time Model Training,ML,Production,Improving accuracy over time,"FeatureStore, QLearningAgent",Continuous learning from execution outcomes
Historical Pattern Recognition,ML,Production,Better opportunity selection,FeatureStore,Learns from past successes and failures
